,Representation,MultinomoalNB MS,MultinomoalNB TS,Logistic Regression MS,Logistic Regression TS,Support Vector Machines MS,Support Vector Machines TS,Stohastic Gradient Descent (SVM) MS,Stohastic Gradient Descent (SVM) TS,Random Forest MS,Random Forest TS
0,Word2Vec CBoW,0.42662856613089045,0.4334061135371179,0.6063046853643076,0.61990538573508,0.6092612570031307,0.6180858806404658,0.5688688912926196,0.5473071324599709,0.5548585943389726,0.5695050946142649
1,Word2Vec Skip-Gram,0.42872103632574365,0.44013828238719066,0.6251819060187243,0.6277292576419214,0.6265921445737158,0.632278020378457,0.5636373070976717,0.5554949053857351,0.5756918078191703,0.5864264919941776
2,FastText CBoW,0.41748562745341095,0.4255822416302766,0.5824238256582834,0.5949781659388647,0.6002548991650565,0.6144468704512372,0.47812227420341813,0.5474890829694323,0.5008644635901349,0.5058224163027657
3,FastText Skip-Gram,0.4245362304474699,0.4359534206695779,0.6149471276946004,0.62117903930131,0.6214519971119361,0.6293668122270742,0.5509002953664123,0.5824235807860262,0.5522656898791322,0.5580422125181951
4,Doc2Vec,0.4403206607698234,0.4477802037845706,0.6333242969242616,0.6384643377001455,0.6327783460598394,0.6393740902474527,0.5745091833024543,0.5957059679767104,0.5889739323051555,0.5960698689956332
5,Avg. Vector,0.4725255949388935,0.48653566229985445,0.6207695792254748,0.6204512372634643,0.6291391495938893,0.6284570596797671,0.6194048986580519,0.6209970887918487,0.625090862472821,0.6260917030567685
6,Glove,0.4155749546334325,0.4314046579330422,0.6580695891793209,0.6619359534206696,0.6597981645604591,0.6657569141193596,0.5881085167879581,0.5791484716157205,0.6288669812302747,0.6319141193595342
7,Spacy,0.44582435124618636,0.462882096069869,0.6743086060621614,0.6835880640465793,0.6791757470506299,0.6850436681222707,0.5997544649000695,0.5758733624454149,0.6208610573467764,0.6311863173216885
