,Model,Accuracy
0,VADER,0.6354075691411936
1,TextBlob,0.5925036390101892
2,AFINN,0.6475254730713246
